<?xml version="1.0" encoding="UTF-8"?>
<project-private xmlns="http://www.netbeans.org/ns/project-private/1">
    <editor-bookmarks xmlns="http://www.netbeans.org/ns/editor-bookmarks/2" lastBookmarkId="1"/>
    <open-files xmlns="http://www.netbeans.org/ns/projectui-open-files/2">
        <group>
            <file>file:/home/ruiyot/Documents/Game/src/game/Main.java</file>
            <file>file:/home/ruiyot/Documents/Game/src/game/Connect.java</file>
            <file>file:/home/ruiyot/Documents/Game/src/game/Game.java</file>
        </group>
    </open-files>
</project-private>
